{"cameraMode":{"drawMode":0,"name":"Shaded","section":"Shading Mode"},"sceneLighting":true,"audioPlay":false,"sceneViewState":{"m_AlwaysRefresh":true,"showFog":true,"showSkybox":true,"showFlares":true,"showImageEffects":true,"showParticleSystems":true,"showVisualEffectGraphs":true,"m_FxEnabled":true},"in2DMode":false,"pivot":{"x":-16.303983688354493,"y":1.386332392692566,"z":0.4658668637275696},"rotation":{"x":-0.0032433662563562395,"y":-0.6931759119033814,"z":-0.003119168570265174,"w":0.720750629901886},"size":10.308101654052735,"orthographic":false}