{"cameraMode":{"drawMode":0,"name":"Shaded","section":"Shading Mode"},"sceneLighting":true,"audioPlay":false,"sceneViewState":{"m_AlwaysRefresh":true,"showFog":true,"showSkybox":true,"showFlares":true,"showImageEffects":true,"showParticleSystems":true,"showVisualEffectGraphs":true,"m_FxEnabled":true},"in2DMode":false,"pivot":{"x":-16.903974533081056,"y":0.6487830281257629,"z":0.1086876392364502},"rotation":{"x":0.007413400337100029,"y":-0.7081261873245239,"z":0.007435697130858898,"w":0.7060049176216126},"size":11.835009574890137,"orthographic":false}